shapeID,name,sol,pop,area_km2,parent,sol_0,growth,abs_change,growth_2dates,period_growth,trend_growth,trend_lo,trend_hi,trend_p,trend_n,z_robust,eligible,z_signal,flag
98640826B52449815511854,Agneby-Tiassa,8030.61,659866,8108.32,Lagunes,2305.58,0.174446,5725.03,0.148732,0.174446,0.160659,0.142731,0.182954,2.97619e-05,10,-0.0266138,True,-0.0266138,within normal range · dans la plage normale
98640826B37750272367318,Bafing,5310.31,201139,8655.34,Woroba,807.407,0.26519,4502.91,0.232798,0.26519,0.267354,0.199147,0.317791,5.51146e-06,10,1.26356,True,1.26356,within normal range · dans la plage normale
98640826B26044148659027,Bagoue,8298.62,447165,10194.6,Savanes,1257.62,0.267093,7041,0.233249,0.267093,0.265949,0.135185,0.334429,5.51146e-07,10,1.29062,True,1.29062,within normal range · dans la plage normale
98640826B5123145245776,Belier,7100.33,413382,6802.8,Lacs,2838.63,0.113931,4261.69,0.107238,0.113931,0.110781,0.0793055,0.152596,0.000946318,10,-0.886989,True,-0.886989,within normal range · dans la plage normale
98640826B43857880322183,Bere,8408.44,500576,10896.6,Woroba,709.141,0.322553,7699.3,0.316229,0.322553,0.320399,0.218551,0.413029,5.51146e-06,10,2.07913,False,,low initial base · base initiale trop faible
98640826B90856530326373,Bounkani,6222.03,321967,22073.6,Zanzan,743.296,0.176317,5478.74,0.266281,0.176317,0.216481,0.168951,0.269358,0.00011519,10,0,True,0,within normal range · dans la plage normale
98640826B42717034718743,Cavally,3129.75,537241,11278.6,Montagnes,572.227,0.272703,2557.52,0.207796,0.272703,0.241532,0.183461,0.316323,5.51146e-07,10,1.37038,False,,low initial base · base initiale trop faible
98640826B76853064397847,District Autonome D'Abidjan,67659.2,5.47978e+06,2140.17,District Autonome D'Abidjan,33277.6,0.0897624,34381.6,0.0820359,0.0897624,0.0853376,0.0793121,0.0931235,5.51146e-07,10,-1.23061,True,-1.23061,within normal range · dans la plage normale
98640826B30232425959699,District Autonome De Yamoussoukro,11196.9,407319,2069.05,District Autonome De Yamoussoukro,7649.5,0.0347759,3547.43,0.0432421,0.0347759,0.0406884,0.028005,0.0535193,0.000946318,10,-2.01239,True,-2.01239,within normal range · dans la plage normale
98640826B69523806833990,Folon,2452.68,106102,6598.94,Denguele,410.578,0.178095,2042.1,0.21969,0.178095,0.188055,0.146308,0.235912,5.51146e-06,10,0.0252716,False,,low initial base · base initiale trop faible
98640826B94469137469464,Gbeke,22823.7,1.10072e+06,8988.49,Valle Du Bandama,7468.08,0.135231,15355.6,0.132162,0.135231,0.141878,0.0919096,0.179647,5.51146e-07,10,-0.584161,True,-0.584161,within normal range · dans la plage normale
98640826B37905317988050,Gbokle,3539.63,493464,6206.17,Bas-Sassandra,349.567,0.369428,3190.07,0.293344,0.369428,0.338802,0.17888,0.416229,0.00011519,10,2.74559,False,,low initial base · base initiale trop faible
98640826B83650084589555,Goh,8913.46,1.05875e+06,6886.31,Goh-Djiboua,4141.02,0.103489,4772.44,0.0889131,0.103489,0.094487,0.0776083,0.115164,0.00011519,10,-1.03546,True,-1.03546,within normal range · dans la plage normale
98640826B5040161076408,Gontougo,11508,729443,16084.7,Zanzan,1969.61,0.248371,9538.34,0.216689,0.248371,0.239685,0.194265,0.306928,2.97619e-05,10,1.02444,True,1.02444,within normal range · dans la plage normale
98640826B83353125268201,Grands Ponts,5254,396350,4434.75,Lagunes,1385.51,0.191536,3868.49,0.159631,0.191536,0.167641,0.143195,0.191536,5.51146e-06,10,0.216367,True,0.216367,within normal range · dans la plage normale
98640826B22329502030217,Guemon,5681.76,1.182e+06,7181.93,Montagnes,787.58,0.284927,4894.18,0.24553,0.284927,0.277237,0.15326,0.350065,5.51146e-07,10,1.54418,True,1.54418,within normal range · dans la plage normale
98640826B80955316471767,Hambol,13183.7,515037,19276.2,Valle Du Bandama,2231.04,0.24282,10952.7,0.21822,0.24282,0.233227,0.16482,0.328817,5.51146e-07,10,0.945508,True,0.945508,within normal range · dans la plage normale
98640826B13622385448205,Haut-Sassandra,13878.4,1.5957e+06,15196.6,Sassandra-Marahoue,3755.64,0.173915,10122.7,0.156306,0.173915,0.162333,0.1265,0.202191,5.51146e-07,10,-0.03416,True,-0.03416,within normal range · dans la plage normale
98640826B12556457947993,Iffou,5589.78,358828,8871.08,Lacs,2468.6,0.0862682,3121.18,0.0950607,0.0862682,0.0957788,0.0734305,0.129316,0.000357694,10,-1.28029,True,-1.28029,within normal range · dans la plage normale
98640826B87987908031267,Indenie-Djuablin,5636.6,636915,6904.58,Comoe,1958.95,0.107343,3677.65,0.124603,0.107343,0.118805,0.0856073,0.150461,2.97619e-05,10,-0.980652,True,-0.980652,within normal range · dans la plage normale
98640826B2974603948771,Kabadougou,7465.45,229407,14177.5,Denguele,2020.11,0.153809,5445.34,0.156314,0.153809,0.143196,0.0956627,0.197839,5.51146e-06,10,-0.32002,True,-0.32002,within normal range · dans la plage normale
98640826B50838995581112,Loh-Djiboua,9945.94,840947,8783.65,Goh-Djiboua,2686.47,0.163793,7259.47,0.156545,0.163793,0.157761,0.118713,0.21779,5.51146e-07,10,-0.178065,True,-0.178065,within normal range · dans la plage normale
98640826B99867209198649,Marahoue,10063,1.13318e+06,8678.65,Sassandra-Marahoue,2073.01,0.234368,7990.02,0.191891,0.234368,0.230545,0.115825,0.286566,5.51146e-06,10,0.82535,True,0.82535,within normal range · dans la plage normale
98640826B88194950838049,Me,5387.24,595471,8047.19,Lagunes,1750.07,0.153547,3637.16,0.13307,0.153547,0.139375,0.116647,0.17043,5.51146e-06,10,-0.32374,True,-0.32374,within normal range · dans la plage normale
98640826B56207519899242,Nawa,7908.38,1.24267e+06,9744.56,Bas-Sassandra,2341.01,0.181931,5567.37,0.144834,0.181931,0.1647,0.0962143,0.21307,5.51146e-06,10,0.0798135,True,0.0798135,within normal range · dans la plage normale
98640826B2900878653745,Poro,32287.3,931323,12541.7,Savanes,11073.4,0.128877,21213.9,0.126261,0.128877,0.128877,0.101851,0.150911,5.51146e-07,10,-0.674491,True,-0.674491,within normal range · dans la plage normale
98640826B43081365176028,San Pedro,9996.23,950289,12285.1,Bas-Sassandra,2137.83,0.206643,7858.4,0.186941,0.206643,0.194566,0.173304,0.219632,5.51146e-07,10,0.431152,True,0.431152,within normal range · dans la plage normale
98640826B87421109468433,Sud-Comoe,13057.8,687570,7072.58,Comoe,3981.41,0.151136,9076.4,0.141077,0.151136,0.152043,0.111096,0.190879,2.97619e-05,10,-0.358022,True,-0.358022,within normal range · dans la plage normale
98640826B18937667882346,Tchologo,10190.2,590218,17344,Savanes,2286.96,0.20971,7903.25,0.1806,0.20971,0.185776,0.155731,0.237319,5.51146e-07,10,0.474758,True,0.474758,within normal range · dans la plage normale
98640826B98350089255378,Tonkpi,11889.6,1.14267e+06,12182.1,Montagnes,1889.16,0.263819,10000.4,0.22678,0.263819,0.250439,0.212555,0.300055,5.51146e-06,10,1.24407,True,1.24407,within normal range · dans la plage normale
98640826B81277132888560,Worodougou,7697.27,319157,11426.9,Woroba,1500.79,0.194941,6196.47,0.199197,0.194941,0.201124,0.165231,0.243998,5.51146e-06,10,0.26479,True,0.26479,within normal range · dans la plage normale
98640826B73875625736421,N'Zi,5039.03,293700,4805.53,Lacs,1588.69,0.166122,3450.34,0.136844,0.166122,0.155529,0.0954004,0.204743,0.00011519,10,-0.14496,True,-0.14496,within normal range · dans la plage normale
98640826B53162767921513,Moronou,4246.47,399907,5581.1,Lacs,1431.37,0.140809,2815.1,0.128431,0.140809,0.133843,0.0881907,0.18929,0.000946318,10,-0.504843,True,-0.504843,within normal range · dans la plage normale
