coverage,date,name,sol,month,year,expected,resid,z
0.999967,2021-01-01,Bas-Sassandra,32014,1,2021,39594.3,-0.191449,-1.26356
0.999982,2021-02-01,Bas-Sassandra,36055.9,2,2021,53252.8,-0.322928,-2.10612
0.947513,2021-03-01,Bas-Sassandra,47429.3,3,2021,55140.4,-0.139844,-0.932866
0.993968,2021-04-01,Bas-Sassandra,47625.2,4,2021,67037.1,-0.28957,-1.89235
0.998208,2021-05-01,Bas-Sassandra,51867,5,2021,55431.5,-0.0643046,-0.44879
0.99928,2021-06-01,Bas-Sassandra,51075.3,6,2021,59503,-0.141636,-0.944347
0.998743,2021-07-01,Bas-Sassandra,43446.7,7,2021,51807.9,-0.161388,-1.07092
0.999043,2021-08-01,Bas-Sassandra,52239.6,8,2021,57249.9,-0.0875155,-0.597531
0.997364,2021-09-01,Bas-Sassandra,47708.6,9,2021,69804.7,-0.316541,-2.06518
0.999988,2021-10-01,Bas-Sassandra,60282.3,10,2021,75720.7,-0.203886,-1.34326
1,2021-11-01,Bas-Sassandra,55705,11,2021,68075.9,-0.181723,-1.20123
0.999985,2021-12-01,Bas-Sassandra,43548.4,12,2021,57894,-0.247791,-1.62461
0.999959,2022-01-01,Bas-Sassandra,34974,1,2022,38607.7,-0.0941182,-0.639844
1,2022-02-01,Bas-Sassandra,50675,2,2022,48379.8,0.0474424,0.267312
0.998749,2022-03-01,Bas-Sassandra,44688.4,3,2022,56054,-0.202762,-1.33606
0.994018,2022-04-01,Bas-Sassandra,59159.7,4,2022,61269.9,-0.034442,-0.257423
0.998322,2022-05-01,Bas-Sassandra,63051.3,5,2022,51703.4,0.219481,1.36978
0.998475,2022-06-01,Bas-Sassandra,59341.7,6,2022,56747.5,0.0457144,0.256239
0.809587,2022-07-01,Bas-Sassandra,48623.5,7,2022,50082.3,-0.0291277,-0.223368
0.968796,2022-08-01,Bas-Sassandra,52598.6,8,2022,57130.2,-0.0793209,-0.545019
0.99277,2022-09-01,Bas-Sassandra,67768.8,9,2022,63117.9,0.0736863,0.43549
0.999968,2022-10-01,Bas-Sassandra,74840.8,10,2022,70867.9,0.0560603,0.322538
0.999801,2022-11-01,Bas-Sassandra,59002,11,2022,66976.8,-0.119068,-0.799729
0.999897,2022-12-01,Bas-Sassandra,55196,12,2022,54011.5,0.0219311,0.103829
1,2023-01-01,Bas-Sassandra,40537.7,1,2023,36753.1,0.102974,0.623172
1,2023-02-01,Bas-Sassandra,50517.1,2,2023,48432.4,0.0430424,0.239116
0.998979,2023-03-01,Bas-Sassandra,69591.3,3,2023,47753,0.457317,2.89389
0.935621,2023-05-01,Bas-Sassandra,50368.8,5,2023,55930.9,-0.0994457,-0.673983
1,2023-06-01,Bas-Sassandra,57759.1,6,2023,57275.1,0.00845032,0.0174413
0.984945,2023-07-01,Bas-Sassandra,50118,7,2023,49584.1,0.0107678,0.0322923
0.998861,2023-08-01,Bas-Sassandra,54193.7,8,2023,56598.6,-0.0424902,-0.308998
0.999,2023-09-01,Bas-Sassandra,65369.5,9,2023,63917.7,0.0227129,0.108839
0.999274,2023-10-01,Bas-Sassandra,73872,10,2023,71190.8,0.0376623,0.204639
1,2023-11-01,Bas-Sassandra,65261.9,11,2023,64890.2,0.00572863,0
1,2023-12-01,Bas-Sassandra,50150.4,12,2023,55693.3,-0.0995249,-0.674491
1,2024-01-01,Bas-Sassandra,43271.3,1,2024,35841.9,0.207282,1.2916
1,2024-02-01,Bas-Sassandra,58566.3,2,2024,45749.3,0.280156,1.7586
0.997939,2024-03-01,Bas-Sassandra,51141.4,3,2024,53903,-0.0512325,-0.365021
1,2024-04-01,Bas-Sassandra,74914.6,4,2024,53392.4,0.403095,2.54642
0.997535,2024-05-01,Bas-Sassandra,52874.4,5,2024,55095.7,-0.0403178,-0.295077
0.984834,2024-06-04,Bas-Sassandra,61408.3,6,2024,56058.7,0.0954281,0.574817
0.99993,2024-07-01,Bas-Sassandra,56682.1,7,2024,47396.1,0.195924,1.21882
0.99998,2024-08-01,Bas-Sassandra,64957.4,8,2024,53010.6,0.225365,1.40749
0.99547,2024-09-01,Bas-Sassandra,76275.7,9,2024,60282.3,0.265307,1.66344
1,2024-10-01,Bas-Sassandra,78449.4,10,2024,69665.1,0.126093,0.771328
1,2024-11-01,Bas-Sassandra,79963.6,11,2024,59989.6,0.332957,2.09696
1,2024-12-01,Bas-Sassandra,68335.5,12,2024,49631.6,0.376855,2.37827
1,2021-01-01,Comoe,23712.2,1,2021,28233,-0.160126,-1.11596
0.999965,2021-02-01,Comoe,26678.3,2,2021,33040.4,-0.192554,-1.34307
0.9218,2021-04-01,Comoe,33660.8,4,2021,41740.9,-0.193578,-1.35024
0.999894,2021-05-01,Comoe,38403.7,5,2021,35836.3,0.0716447,0.507216
0.998626,2021-06-01,Comoe,40197.9,6,2021,37097.2,0.0835828,0.590823
0.979713,2021-07-01,Comoe,31120.6,7,2021,33653.6,-0.075268,-0.521668
1,2021-08-01,Comoe,35416.5,8,2021,34547,0.0251683,0.181725
0.993017,2021-09-01,Comoe,29954.6,9,2021,40812.4,-0.266042,-1.85773
0.999322,2021-10-01,Comoe,40487.6,10,2021,41568.4,-0.0259991,-0.176619
0.999743,2021-11-01,Comoe,37366.6,11,2021,43741.8,-0.145747,-1.01526
1,2021-12-01,Comoe,28563.1,12,2021,36404.6,-0.215397,-1.50304
1,2022-01-01,Comoe,28749,1,2022,26554.1,0.082656,0.584333
1,2022-02-01,Comoe,34008.2,2,2022,30597.1,0.111485,0.786232
0.999442,2022-03-01,Comoe,29636.5,3,2022,39978.5,-0.258689,-1.80623
0.979921,2022-04-01,Comoe,36504,4,2022,40793.2,-0.105144,-0.730899
0.997837,2022-05-01,Comoe,41564,5,2022,34782.8,0.194958,1.37083
0.998224,2022-06-01,Comoe,37489.6,6,2022,37999.9,-0.0134307,-0.088598
0.999735,2022-08-01,Comoe,32535.6,8,2022,35507.3,-0.0836941,-0.580678
0.979527,2022-09-01,Comoe,41219.8,9,2022,37057.4,0.112323,0.792104
0.998728,2022-10-01,Comoe,44204.7,10,2022,40329.4,0.0960918,0.678428
0.999395,2022-11-01,Comoe,38766.7,11,2022,43275.1,-0.104181,-0.724154
1,2022-12-01,Comoe,35840.5,12,2022,33978.8,0.0547896,0.389173
1,2023-01-01,Comoe,28424.4,1,2023,26662.3,0.0660882,0.468302
0.999965,2023-02-01,Comoe,31405.4,2,2023,31464.7,-0.00188397,-0.00773212
1,2023-03-01,Comoe,43652.8,3,2023,32970.3,0.324005,2.27459
0.998718,2023-04-01,Comoe,44850.1,4,2023,38011.1,0.17992,1.26551
0.907821,2023-05-01,Comoe,31437.5,5,2023,38158.3,-0.176131,-1.22805
1,2023-06-01,Comoe,38604.5,6,2023,37628.3,0.0259445,0.187161
0.953332,2023-07-01,Comoe,32247.6,7,2023,33090.1,-0.0254616,-0.172855
0.998154,2023-08-01,Comoe,33922.4,8,2023,35045,-0.0320346,-0.218888
0.999756,2023-09-01,Comoe,38067.4,9,2023,38108.2,-0.00107068,-0.0020364
0.969215,2023-10-01,Comoe,39217.4,10,2023,41991.8,-0.0660695,-0.457247
1,2023-11-01,Comoe,42509.5,11,2023,42027.5,0.0114675,0.0857731
1,2023-12-01,Comoe,30771.3,12,2023,35668.5,-0.137296,-0.956075
1,2024-01-01,Comoe,27525.8,1,2024,26961.8,0.0209156,0.151942
1,2024-02-01,Comoe,33707.5,2,2024,30697.3,0.0980617,0.692224
1,2024-03-01,Comoe,36304.1,3,2024,36644.6,-0.00929313,-0.0596212
1,2024-04-01,Comoe,43868.6,4,2024,38338.3,0.14425,1.0157
0.986772,2024-05-01,Comoe,34507.3,5,2024,37135.1,-0.0707634,-0.49012
0.998086,2024-06-04,Comoe,35197.4,6,2024,38764,-0.0920072,-0.638898
0.998616,2024-07-01,Comoe,35059.7,7,2024,31684.1,0.106538,0.751589
0.999965,2024-08-01,Comoe,37183.1,8,2024,33958.1,0.0949674,0.670554
1,2024-09-01,Comoe,43150.2,9,2024,36413.9,0.18499,1.30102
0.998199,2024-10-01,Comoe,41283,10,2024,41303.2,-0.000489135,0.0020364
1,2024-11-01,Comoe,49949.3,11,2024,39547.6,0.263018,1.84748
1,2024-12-01,Comoe,42601.9,12,2024,31725,0.34285,2.40657
1,2021-01-01,Denguele,40455.8,1,2021,34143.3,0.184883,0.860667
1,2021-02-01,Denguele,31174.1,2,2021,43561.3,-0.284363,-1.40148
0.999675,2021-03-01,Denguele,38029.6,3,2021,35591.5,0.0685042,0.299628
1,2021-04-01,Denguele,34058.6,4,2021,40971.8,-0.168731,-0.84404
0.99764,2021-05-01,Denguele,36629.9,5,2021,36179.6,0.0124474,0.0293883
0.997891,2021-06-01,Denguele,33379.3,6,2021,39155.1,-0.147509,-0.741731
1,2021-07-01,Denguele,32570.4,7,2021,28412.1,0.146357,0.674942
0.841167,2021-08-01,Denguele,34248.3,8,2021,32924.6,0.0402053,0.163204
0.999929,2021-09-01,Denguele,30775.9,9,2021,41801.8,-0.263767,-1.30219
1,2021-10-01,Denguele,32326.4,10,2021,41651.1,-0.223876,-1.10988
1,2021-11-01,Denguele,37073.1,11,2021,39536.2,-0.0622991,-0.330951
1,2021-12-01,Denguele,30334.9,12,2021,35987.7,-0.157076,-0.787852
1,2022-01-01,Denguele,31579,1,2022,37102.2,-0.148865,-0.74827
1,2022-02-01,Denguele,43577.2,2,2022,39427,0.105263,0.476836
1,2022-03-01,Denguele,32433,3,2022,37457,-0.134127,-0.677221
0.817306,2022-04-01,Denguele,32003.1,4,2022,41657,-0.231746,-1.14782
1,2022-05-01,Denguele,38841,5,2022,35442.6,0.095885,0.431626
1,2022-06-01,Denguele,45738.8,6,2022,35035.2,0.30551,1.44219
1,2022-08-01,Denguele,28348.3,8,2022,34891.3,-0.187524,-0.934636
0.981523,2022-09-01,Denguele,41552.6,9,2022,38209.6,0.0874922,0.391165
1,2022-10-01,Denguele,44859.3,10,2022,37473.5,0.197096,0.919544
1,2022-11-01,Denguele,36539.1,11,2022,39714.2,-0.0799479,-0.416032
1,2022-12-01,Denguele,35572.9,12,2022,34241.7,0.0388765,0.156798
1,2023-01-01,Denguele,34200.5,1,2023,36228.4,-0.0559735,-0.300456
1,2023-02-01,Denguele,39078.7,2,2023,40926.5,-0.0451497,-0.248277
1,2023-03-01,Denguele,36938,3,2023,35955.3,0.0273295,0.101132
0.983321,2023-04-01,Denguele,45873.5,4,2023,37033.5,0.238703,1.12012
0.81704,2023-05-01,Denguele,40130.5,5,2023,35012.7,0.14617,0.67404
1,2023-06-01,Denguele,37205.5,6,2023,37879.7,-0.017799,-0.116424
0.905574,2023-07-01,Denguele,28412.1,7,2023,32570.4,-0.127671,-0.646098
0.988795,2023-08-01,Denguele,33261.9,8,2023,33253.4,0.000255118,-0.0293883
1,2023-09-01,Denguele,38657.1,9,2023,39174.8,-0.0132161,-0.0943303
1,2023-10-01,Denguele,41848.5,10,2023,38477.1,0.0876224,0.391793
1,2023-11-01,Denguele,38079.2,11,2023,39200.8,-0.0286134,-0.168558
1,2023-12-01,Denguele,29378.2,12,2023,36306.6,-0.190831,-0.950581
1,2024-01-01,Denguele,36650.3,1,2024,35411.8,0.0349758,0.137994
1,2024-02-01,Denguele,48028.2,2,2024,37943.3,0.265787,1.25069
1,2024-03-01,Denguele,37403.4,3,2024,35800.2,0.0447817,0.185266
1,2024-04-01,Denguele,45038.8,4,2024,37311.8,0.207095,0.967747
0.999896,2024-05-01,Denguele,29567.3,5,2024,38533.8,-0.232693,-1.15239
0.997161,2024-06-04,Denguele,34520.9,6,2024,38774.6,-0.109703,-0.559474
0.993539,2024-08-01,Denguele,37163.6,8,2024,31952.9,0.163075,0.755538
0.913309,2024-09-01,Denguele,45195.8,9,2024,36995.2,0.221668,1.038
1,2024-10-01,Denguele,38245.4,10,2024,39678.1,-0.0361069,-0.204683
1,2024-11-01,Denguele,43990.3,11,2024,37230.5,0.181566,0.84468
1,2024-12-01,Denguele,43012,12,2024,31762,0.354198,1.67691
1,2021-01-01,District Autonome D'Abidjan,51702.2,1,2021,63414.7,-0.184697,-1.06185
1,2021-02-01,District Autonome D'Abidjan,52580.3,2,2021,61000.3,-0.138032,-0.811538
0.999769,2021-04-01,District Autonome D'Abidjan,58554.7,4,2021,76063.2,-0.230185,-1.30584
0.999769,2021-05-01,District Autonome D'Abidjan,64003.2,5,2021,71206.4,-0.101159,-0.613749
0.993378,2021-06-01,District Autonome D'Abidjan,59577,6,2021,73108.3,-0.185086,-1.06393
0.978062,2021-07-01,District Autonome D'Abidjan,53427.9,7,2021,72190.1,-0.2599,-1.46523
0.999537,2021-08-01,District Autonome D'Abidjan,56961,8,2021,60779.4,-0.0628234,-0.40812
0.996184,2021-09-01,District Autonome D'Abidjan,44412.7,9,2021,57157.5,-0.222977,-1.26718
0.999422,2021-10-01,District Autonome D'Abidjan,59603.1,10,2021,70867.6,-0.158951,-0.923745
1,2021-11-01,District Autonome D'Abidjan,64315.7,11,2021,74527.3,-0.137019,-0.806103
1,2021-12-01,District Autonome D'Abidjan,58372.2,12,2021,71197,-0.180131,-1.03736
1,2022-01-01,District Autonome D'Abidjan,53879.3,1,2022,62689,-0.14053,-0.824933
1,2022-02-01,District Autonome D'Abidjan,59626.9,2,2022,58651.4,0.0166307,0.0180702
0.999884,2022-03-01,District Autonome D'Abidjan,61133.9,3,2022,79108.4,-0.227214,-1.2899
0.988864,2022-04-01,District Autonome D'Abidjan,68440.7,4,2022,72767.9,-0.0594661,-0.390111
0.996356,2022-05-01,District Autonome D'Abidjan,66973.8,5,2022,69721.1,-0.0394048,-0.282503
0.992936,2022-06-01,District Autonome D'Abidjan,65029.7,6,2022,70381.9,-0.0760456,-0.479043
1,2022-08-01,District Autonome D'Abidjan,64247.3,8,2022,58350.6,0.101056,0.470925
0.994134,2022-09-01,District Autonome D'Abidjan,46089.5,9,2022,56598.5,-0.185678,-1.06711
0.998959,2022-10-01,District Autonome D'Abidjan,69333.4,10,2022,67624.2,0.0252751,0.0644383
0.998114,2022-11-01,District Autonome D'Abidjan,71787.4,11,2022,72036.8,-0.00346191,-0.0897062
1,2022-12-01,District Autonome D'Abidjan,67071,12,2022,68297.4,-0.017957,-0.167458
1,2023-01-01,District Autonome D'Abidjan,67165.1,1,2023,58260.4,0.152843,0.748709
1,2023-02-01,District Autonome D'Abidjan,56727.3,2,2023,59618,-0.0484858,-0.331213
1,2023-03-01,District Autonome D'Abidjan,78496.3,3,2023,70427.2,0.114574,0.543435
0.999191,2023-04-01,District Autonome D'Abidjan,78828.4,4,2023,69305.3,0.137407,0.665912
1,2023-06-01,District Autonome D'Abidjan,81186.9,6,2023,62303.3,0.30309,1.55463
0.899755,2023-07-01,District Autonome D'Abidjan,69183.4,7,2023,64312.4,0.0757394,0.335127
1,2023-08-01,District Autonome D'Abidjan,60721.6,8,2023,59525.8,0.0200874,0.0366118
1,2023-09-01,District Autonome D'Abidjan,54370.7,9,2023,53838.1,0.00989313,-0.0180702
1,2023-10-01,District Autonome D'Abidjan,69623.2,10,2023,67527.6,0.031033,0.0953234
1,2023-11-01,District Autonome D'Abidjan,75530.5,11,2023,70789,0.0669803,0.288144
1,2023-12-01,District Autonome D'Abidjan,71602.8,12,2023,66786.8,0.0721093,0.315656
1,2024-01-01,District Autonome D'Abidjan,69199.7,1,2024,57582.2,0.201755,1.01107
1,2024-02-01,District Autonome D'Abidjan,66646.7,2,2024,56311.5,0.183537,0.913348
1,2024-03-01,District Autonome D'Abidjan,79720.5,3,2024,69815.1,0.14188,0.689905
1,2024-04-01,District Autonome D'Abidjan,80920.7,4,2024,68607.9,0.179466,0.891511
0.996878,2024-05-01,District Autonome D'Abidjan,75439,5,2024,65488.5,0.151942,0.743878
1,2024-07-01,District Autonome D'Abidjan,75196.9,7,2024,61305.7,0.226589,1.14428
1,2024-08-01,District Autonome D'Abidjan,57369.2,8,2024,60643.3,-0.0539884,-0.360729
1,2024-09-01,District Autonome D'Abidjan,71012.2,9,2024,48291,0.470507,2.45265
0.995035,2024-10-01,District Autonome D'Abidjan,73646.2,10,2024,66186.6,0.112707,0.53342
1,2024-11-01,District Autonome D'Abidjan,76264.1,11,2024,70544.5,0.0810776,0.363761
1,2024-12-01,District Autonome D'Abidjan,74917.3,12,2024,65682,0.140606,0.68307
1,2021-01-01,District Autonome De Yamoussoukro,10171.1,1,2021,11758,-0.134958,-1.06498
1,2021-02-01,District Autonome De Yamoussoukro,11559.8,2,2021,12978.6,-0.109325,-0.884595
0.815885,2021-03-01,District Autonome De Yamoussoukro,10975.2,3,2021,12938.4,-0.151739,-1.18308
0.811872,2021-04-01,District Autonome De Yamoussoukro,6931.04,4,2021,14504.4,-0.522142,-3.78974
0.999404,2021-05-01,District Autonome De Yamoussoukro,12875.1,5,2021,13875,-0.0720661,-0.622391
0.999468,2021-06-01,District Autonome De Yamoussoukro,11687.1,6,2021,13539.7,-0.136827,-1.07814
0.999352,2021-07-01,District Autonome De Yamoussoukro,11327.6,7,2021,11893.1,-0.0475524,-0.449879
0.998689,2021-08-01,District Autonome De Yamoussoukro,12019.4,8,2021,11030.3,0.0896716,0.515817
0.829601,2021-09-01,District Autonome De Yamoussoukro,7112.94,9,2021,12275.3,-0.420549,-3.07479
0.99845,2021-10-01,District Autonome De Yamoussoukro,11411.5,10,2021,13138.1,-0.131421,-1.04009
1,2021-11-01,District Autonome De Yamoussoukro,12687.3,11,2021,13887.2,-0.0864036,-0.723289
1,2021-12-01,District Autonome De Yamoussoukro,11732.6,12,2021,13463.3,-0.128549,-1.01988
1,2022-01-01,District Autonome De Yamoussoukro,11258.8,1,2022,11395.4,-0.011993,-0.199634
1,2022-02-01,District Autonome De Yamoussoukro,11903.4,2,2022,12864.1,-0.0746827,-0.640805
0.993515,2022-03-01,District Autonome De Yamoussoukro,11322.1,3,2022,12822.8,-0.117035,-0.938851
0.998532,2022-04-01,District Autonome De Yamoussoukro,12853.4,4,2022,12530.3,0.0257928,0.0662782
0.997888,2022-05-01,District Autonome De Yamoussoukro,14300.7,5,2022,13399.9,0.0672265,0.357862
0.996066,2022-06-01,District Autonome De Yamoussoukro,13460.4,6,2022,12948.6,0.0395239,0.162909
0.934678,2022-07-01,District Autonome De Yamoussoukro,11683.3,7,2022,11774.5,-0.00774713,-0.169755
1,2022-08-01,District Autonome De Yamoussoukro,12619.6,8,2022,10830.3,0.16521,1.04741
0.997604,2022-09-01,District Autonome De Yamoussoukro,10948.5,9,2022,10996.8,-0.00439548,-0.146168
1,2022-10-01,District Autonome De Yamoussoukro,13109.1,10,2022,12572.3,0.0426979,0.185246
1,2022-11-01,District Autonome De Yamoussoukro,12710.1,11,2022,13879.6,-0.0842562,-0.708177
1,2022-12-01,District Autonome De Yamoussoukro,12751.2,12,2022,13123.8,-0.0283934,-0.31505
1,2023-01-01,District Autonome De Yamoussoukro,11547.5,1,2023,11299.2,0.0219774,0.0394281
1,2023-02-01,District Autonome De Yamoussoukro,12398.5,2,2023,12699.1,-0.0236717,-0.281821
0.999166,2023-03-01,District Autonome De Yamoussoukro,13601.5,3,2023,12063,0.127536,0.782281
0.999881,2023-04-01,District Autonome De Yamoussoukro,14694.3,4,2023,11916.6,0.233092,1.52512
0.997276,2023-05-01,District Autonome De Yamoussoukro,13346.1,5,2023,13718,-0.0271096,-0.306015
1,2023-06-01,District Autonome De Yamoussoukro,13444.9,6,2023,12953.7,0.037921,0.151629
0.984921,2023-07-01,District Autonome De Yamoussoukro,10294.1,7,2023,12237.6,-0.158813,-1.23286
0.999295,2023-08-01,District Autonome De Yamoussoukro,9489.85,8,2023,11873.5,-0.200756,-1.52803
0.996011,2023-09-01,District Autonome De Yamoussoukro,11720.3,9,2023,10739.5,0.0913212,0.527426
0.998132,2023-10-01,District Autonome De Yamoussoukro,13007.5,10,2023,12606.1,0.0318427,0.108854
1,2023-11-01,District Autonome De Yamoussoukro,13814.8,11,2023,13511.4,0.0224554,0.0427919
1,2023-12-01,District Autonome De Yamoussoukro,13135.6,12,2023,12995.6,0.0107721,-0.0394281
1,2024-01-01,District Autonome De Yamoussoukro,12467.6,1,2024,10992.5,0.134198,0.829168
1,2024-02-01,District Autonome De Yamoussoukro,14634.1,2,2024,11953.9,0.224214,1.46264
1,2024-03-01,District Autonome De Yamoussoukro,13891.8,3,2024,11966.2,0.160912,1.01716
1,2024-04-01,District Autonome De Yamoussoukro,15965.4,4,2024,11492.9,0.389152,2.62337
1,2024-05-01,District Autonome De Yamoussoukro,13978.3,5,2024,13507.3,0.034869,0.130151
0.999762,2024-06-04,District Autonome De Yamoussoukro,13713.7,6,2024,12864.1,0.0660438,0.349539
1,2024-07-01,District Autonome De Yamoussoukro,13701.9,7,2024,11101.7,0.234222,1.53307
1,2024-08-01,District Autonome De Yamoussoukro,10981.6,8,2024,11376.3,-0.0346955,-0.3594
1,2024-09-01,District Autonome De Yamoussoukro,14157.2,9,2024,9927.22,0.426096,2.88336
1,2024-10-01,District Autonome De Yamoussoukro,13297.8,10,2024,12509.4,0.063025,0.328295
1,2024-11-01,District Autonome De Yamoussoukro,15136.7,11,2024,13070.7,0.158058,0.99708
1,2024-12-01,District Autonome De Yamoussoukro,14503.1,12,2024,12539.8,0.156568,0.986595
1,2021-01-01,Goh-Djiboua,22992.5,1,2021,27417.5,-0.161393,-1.00767
1,2021-02-01,Goh-Djiboua,25116.2,2,2021,34894.8,-0.280231,-1.77897
0.998666,2021-04-01,Goh-Djiboua,31799.2,4,2021,43578,-0.270293,-1.71447
1,2021-05-01,Goh-Djiboua,36966.9,5,2021,38070,-0.0289767,-0.148256
0.999996,2021-06-01,Goh-Djiboua,34745.1,6,2021,39277.2,-0.115389,-0.709095
0.999842,2021-07-01,Goh-Djiboua,31423.6,7,2021,32848.7,-0.0433852,-0.241771
1,2021-08-01,Goh-Djiboua,33015.8,8,2021,35371.6,-0.0666011,-0.392449
0.891783,2021-09-01,Goh-Djiboua,31439.2,9,2021,41910.3,-0.249846,-1.58176
0.999496,2021-10-01,Goh-Djiboua,36054.8,10,2021,44284.7,-0.185841,-1.16635
1,2021-11-01,Goh-Djiboua,34735.4,11,2021,44411.9,-0.217881,-1.3743
1,2021-12-01,Goh-Djiboua,28874.3,12,2021,38236.4,-0.244849,-1.54933
1,2022-01-01,Goh-Djiboua,25258.1,1,2022,26662.3,-0.0526649,-0.301999
1,2022-02-01,Goh-Djiboua,33218.4,2,2022,32194.1,0.0318183,0.246322
1,2022-03-01,Goh-Djiboua,29618.8,3,2022,39680.1,-0.25356,-1.60587
0.999476,2022-04-01,Goh-Djiboua,35965.3,4,2022,42189.2,-0.147524,-0.917663
0.999638,2022-05-01,Goh-Djiboua,40355.8,5,2022,36940.4,0.0924573,0.639887
0.999921,2022-06-01,Goh-Djiboua,39614.3,6,2022,37654.1,0.0520568,0.377676
0.999433,2022-08-01,Goh-Djiboua,31510.9,8,2022,35873.2,-0.121602,-0.749422
0.9963,2022-09-01,Goh-Djiboua,38484.7,9,2022,39561.8,-0.0272259,-0.136892
1,2022-10-01,Goh-Djiboua,44313.3,10,2022,41531.9,0.0669684,0.474457
1,2022-11-01,Goh-Djiboua,38979.5,11,2022,42997.2,-0.0934402,-0.566642
1,2022-12-01,Goh-Djiboua,35645.7,12,2022,35979.3,-0.00927289,-0.0203717
1,2023-01-01,Goh-Djiboua,27368.9,1,2023,25958.7,0.0543236,0.392388
1,2023-02-01,Goh-Djiboua,33834.5,2,2023,31988.7,0.0577001,0.414303
1,2023-03-01,Goh-Djiboua,43348.3,3,2023,32815.4,0.320974,2.12303
0.848988,2023-04-01,Goh-Djiboua,45038.1,4,2023,39165,0.149958,1.01308
0.97297,2023-05-01,Goh-Djiboua,37851.1,5,2023,37775.2,0.00200868,0.052849
1,2023-06-01,Goh-Djiboua,40096.5,6,2023,37493.4,0.0694279,0.49042
0.989927,2023-07-01,Goh-Djiboua,28861.7,7,2023,34129.7,-0.154353,-0.961981
0.99975,2023-08-01,Goh-Djiboua,34704.4,8,2023,34808.7,-0.00299531,0.0203717
1,2023-09-01,Goh-Djiboua,41256.8,9,2023,38637.7,0.0677841,0.479751
1,2023-10-01,Goh-Djiboua,41414.1,10,2023,42498.3,-0.025511,-0.125762
1,2023-11-01,Goh-Djiboua,42674,11,2023,41765.7,0.0217485,0.180967
1,2023-12-01,Goh-Djiboua,33706.5,12,2023,36625.7,-0.0797032,-0.477485
1,2024-01-01,Goh-Djiboua,29625.5,1,2024,25206.5,0.175311,1.17763
1,2024-02-01,Goh-Djiboua,37631.5,2,2024,30723,0.224864,1.49924
1,2024-03-01,Goh-Djiboua,36011.9,3,2024,36483.6,-0.0129267,-0.0440858
1,2024-04-01,Goh-Djiboua,49730.5,4,2024,37600.9,0.32259,2.13351
1,2024-05-01,Goh-Djiboua,36003.1,5,2024,38391.2,-0.0622053,-0.363918
0.997382,2024-06-04,Goh-Djiboua,38120.9,6,2024,38152,-0.000815116,0.0345218
1,2024-07-01,Goh-Djiboua,36835.8,7,2024,30142.6,0.222049,1.48098
1,2024-08-01,Goh-Djiboua,39899.4,8,2024,33077.1,0.206255,1.37847
1,2024-09-01,Goh-Djiboua,45989.4,9,2024,37060.2,0.240937,1.60356
0.99989,2024-10-01,Goh-Djiboua,47126.8,10,2024,40594.1,0.160929,1.08429
1,2024-11-01,Goh-Djiboua,51582.1,11,2024,38796.3,0.329563,2.17877
1,2024-12-01,Goh-Djiboua,45357.1,12,2024,32742.2,0.385282,2.5404
1,2021-01-01,Lacs,35163.6,1,2021,40955.7,-0.141424,-0.838509
1,2021-02-01,Lacs,42350,2,2021,54352,-0.220821,-1.31947
0.889127,2021-03-01,Lacs,48743.7,3,2021,48047.2,0.0144975,0.106013
0.997899,2021-05-01,Lacs,56076.4,5,2021,54032.1,0.0378351,0.247384
0.999019,2021-06-01,Lacs,57296.8,6,2021,54618.5,0.049036,0.315235
0.99859,2021-07-01,Lacs,46803.1,7,2021,50313.7,-0.0697751,-0.404482
0.99939,2021-08-01,Lacs,51923.1,8,2021,52370.6,-0.00854485,-0.0335699
0.939847,2021-09-01,Lacs,42241.6,9,2021,58591.9,-0.279053,-1.67222
0.999839,2021-10-01,Lacs,55062.3,10,2021,59966.8,-0.0817863,-0.477242
0.999953,2021-11-01,Lacs,56056.4,11,2021,62377.9,-0.101342,-0.595703
1,2021-12-01,Lacs,42199.8,12,2021,52732.4,-0.199738,-1.19175
1,2022-01-01,Lacs,45243.7,1,2022,37595.7,0.203429,1.2505
1,2022-02-01,Lacs,51283,2,2022,51374.3,-0.00177714,0.00742658
0.996688,2022-03-01,Lacs,41285.9,3,2022,50533.1,-0.182993,-1.09032
0.998238,2022-04-01,Lacs,53025.9,4,2022,66566.9,-0.203419,-1.21405
0.998934,2022-05-01,Lacs,65499.3,5,2022,50891.2,0.287047,1.75702
0.989827,2022-06-01,Lacs,55112.6,6,2022,55346.6,-0.0042291,-0.00742658
0.999386,2022-08-01,Lacs,47804.1,8,2022,53743.5,-0.110514,-0.651265
0.943762,2022-09-01,Lacs,55530.7,9,2022,54162.2,0.0252674,0.171253
1,2022-10-01,Lacs,63547.8,10,2022,57138.3,0.112176,0.697717
1,2022-11-01,Lacs,53861.7,11,2022,63109.5,-0.146536,-0.869473
1,2022-12-01,Lacs,50670,12,2022,49909.1,0.0152458,0.110546
1,2023-01-01,Lacs,39049.8,1,2023,39660.3,-0.0153932,-0.0750551
1,2023-02-01,Lacs,55152.3,2,2023,50084.6,0.101184,0.631129
0.998714,2023-03-01,Lacs,57571.6,3,2023,45104.5,0.276404,1.69255
0.999743,2023-04-01,Lacs,63139.2,4,2023,61510.2,0.0264834,0.17862
0.99515,2023-05-01,Lacs,49984.3,5,2023,56062.8,-0.108423,-0.638597
0.999915,2023-06-01,Lacs,52714.7,6,2023,56145.9,-0.0611135,-0.352013
0.988615,2023-07-01,Lacs,45641.1,7,2023,50894.8,-0.103227,-0.607123
0.999317,2023-08-01,Lacs,48983.6,8,2023,53350.4,-0.0818504,-0.47763
0.998258,2023-09-01,Lacs,60546.2,9,2023,52490.3,0.153474,0.947883
0.998194,2023-10-01,Lacs,52633,10,2023,60776.5,-0.133992,-0.793487
1,2023-11-01,Lacs,61257.2,11,2023,60644.3,0.0101073,0.0794185
1,2023-12-01,Lacs,41716.6,12,2023,52893.5,-0.211311,-1.26186
1,2024-01-01,Lacs,38573.6,1,2024,39819,-0.0312769,-0.171273
1,2024-02-01,Lacs,56620.7,2,2024,49595.1,0.141659,0.876316
1,2024-03-01,Lacs,45284,3,2024,49200.4,-0.0796009,-0.464004
1,2024-04-01,Lacs,69994.5,4,2024,58082.6,0.205087,1.26054
1,2024-05-01,Lacs,46612.7,5,2024,57186.7,-0.184903,-1.10189
0.998929,2024-06-04,Lacs,56028.4,6,2024,55041.3,0.0179332,0.126825
0.999622,2024-07-01,Lacs,54986.4,7,2024,46222.1,0.189614,1.16681
1,2024-08-01,Lacs,60323.9,8,2024,49570.3,0.216938,1.33233
1,2024-09-01,Lacs,59698.7,9,2024,52772.8,0.131238,0.81319
0.994311,2024-10-01,Lacs,63719.5,10,2024,57081,0.116299,0.722694
1,2024-11-01,Lacs,72014.8,11,2024,57058.4,0.262123,1.60605
1,2024-12-01,Lacs,65810.8,12,2024,44862.1,0.466958,2.84687
1,2021-01-01,Lagunes,27120.9,1,2021,32262,-0.159356,-1.18124
1,2021-02-01,Lagunes,30098.8,2,2021,41144.3,-0.268457,-1.9566
0.999966,2021-04-01,Lagunes,38189.8,4,2021,52724,-0.275667,-2.00784
0.99988,2021-05-01,Lagunes,44042,5,2021,45019.2,-0.0217071,-0.202995
0.999473,2021-06-01,Lagunes,47026,6,2021,45372.9,0.0364337,0.210202
0.991842,2021-07-01,Lagunes,38115.8,7,2021,40717.2,-0.0638898,-0.502781
0.999928,2021-08-01,Lagunes,42943.3,8,2021,42790.1,0.00357925,-0.0232895
0.986961,2021-09-01,Lagunes,35681,9,2021,52177.9,-0.316167,-2.29567
0.999988,2021-10-01,Lagunes,49171.4,10,2021,52839.2,-0.0694134,-0.542036
0.999976,2021-11-01,Lagunes,44501.4,11,2021,55044.3,-0.191535,-1.40993
1,2021-12-01,Lagunes,35276.7,12,2021,44393.4,-0.205362,-1.5082
1,2022-01-01,Lagunes,31934,1,2022,30657.6,0.0416334,0.247155
1,2022-02-01,Lagunes,40445.5,2,2022,37695.4,0.0729555,0.469756
0.99946,2022-03-01,Lagunes,35434.3,3,2022,48783.4,-0.273641,-1.99344
0.990946,2022-04-01,Lagunes,42976.1,4,2022,51128.6,-0.159452,-1.18192
0.995905,2022-05-01,Lagunes,50074.2,5,2022,43008.5,0.164286,1.11883
0.998691,2022-06-01,Lagunes,46423.9,6,2022,45573.6,0.018659,0.0838799
0.999876,2022-08-01,Lagunes,37524,8,2022,44596.6,-0.15859,-1.1758
0.928256,2022-09-01,Lagunes,50153.6,9,2022,47353.7,0.0591279,0.371485
0.999956,2022-10-01,Lagunes,55343.4,10,2022,50781.8,0.0898271,0.589659
0.999952,2022-11-01,Lagunes,48042,11,2022,53864.1,-0.108089,-0.816896
1,2022-12-01,Lagunes,42646.6,12,2022,41936.7,0.0169269,0.0715702
1,2023-01-01,Lagunes,31644.9,1,2023,30754,0.0289674,0.15714
1,2023-02-01,Lagunes,39453.8,2,2023,38025.9,0.0375513,0.218144
1,2023-03-01,Lagunes,52934.6,3,2023,40033.2,0.322267,2.24157
0.998059,2023-04-01,Lagunes,57098.9,4,2023,46421,0.230024,1.58601
0.889398,2023-05-01,Lagunes,41632.1,5,2023,45822.6,-0.0914498,-0.698645
1,2023-06-01,Lagunes,45304.3,6,2023,45946.8,-0.013983,-0.148101
0.963367,2023-07-01,Lagunes,36102.1,7,2023,41724.1,-0.134743,-1.00632
0.999854,2023-08-01,Lagunes,41926.5,8,2023,43129.1,-0.0278844,-0.246897
0.999928,2023-09-01,Lagunes,51454.8,9,2023,46919.9,0.0966518,0.638161
0.999312,2023-10-01,Lagunes,49192.5,10,2023,52832.2,-0.0688914,-0.538326
1,2023-11-01,Lagunes,52084,11,2023,52516.8,-0.00824259,-0.107305
1,2023-12-01,Lagunes,35798.3,12,2023,44219.5,-0.190442,-1.40217
1,2024-01-01,Lagunes,33207.1,1,2024,30233.2,0.098365,0.650337
1,2024-02-01,Lagunes,43533.5,2,2024,36666,0.187297,1.28236
1,2024-03-01,Lagunes,44632.2,3,2024,44184.4,0.0101334,0.0232895
1,2024-04-01,Lagunes,58097.1,4,2024,46088.2,0.260563,1.80305
0.999399,2024-05-01,Lagunes,43351.4,5,2024,45249.4,-0.0419454,-0.346826
0.960714,2024-06-04,Lagunes,44390.4,6,2024,46251.4,-0.0402363,-0.33468
1,2024-07-01,Lagunes,45332.4,7,2024,37108.9,0.221602,1.52616
1,2024-08-01,Lagunes,48920,8,2024,40797.9,0.19908,1.3661
1,2024-09-01,Lagunes,54925.2,9,2024,45763.1,0.200207,1.37411
0.995164,2024-10-01,Lagunes,53981.6,10,2024,51235.8,0.0535922,0.332144
1,2024-11-01,Lagunes,65007,11,2024,48209.1,0.348438,2.42756
1,2024-12-01,Lagunes,54735.3,12,2024,37907.2,0.443929,3.1062
1,2021-01-01,Montagnes,41238.6,1,2021,48012.9,-0.141093,-0.753705
1,2021-02-01,Montagnes,37501.5,2,2021,58684.4,-0.360964,-2.12841
0.977737,2021-03-01,Montagnes,47903,3,2021,56088.2,-0.145936,-0.783984
0.998378,2021-04-01,Montagnes,50497,4,2021,68697.8,-0.26494,-1.52804
0.989675,2021-05-01,Montagnes,54315.6,5,2021,58309.9,-0.0685015,-0.29984
0.999863,2021-06-01,Montagnes,62404.4,6,2021,65261.5,-0.0437798,-0.145271
0.995744,2021-07-01,Montagnes,49104.7,7,2021,57382.2,-0.144252,-0.773458
0.986493,2021-08-01,Montagnes,51760.8,8,2021,58385.4,-0.113465,-0.580965
0.987594,2021-09-01,Montagnes,48570.6,9,2021,73557.6,-0.339693,-1.99542
1,2021-10-01,Montagnes,59918.8,10,2021,79535.3,-0.246638,-1.41361
1,2021-11-01,Montagnes,62392.1,11,2021,67867.2,-0.080674,-0.375946
1,2021-12-01,Montagnes,48030.2,12,2021,64893.2,-0.259858,-1.49626
1,2022-01-01,Montagnes,46595,1,2022,46227.4,0.00795108,0.178168
1,2022-02-01,Montagnes,56691.4,2,2022,52287.8,0.084219,0.655022
0.999849,2022-03-01,Montagnes,48675,3,2022,55830.9,-0.12817,-0.672908
0.95821,2022-04-01,Montagnes,61727.1,4,2022,64954.4,-0.0496859,-0.182198
0.996167,2022-05-01,Montagnes,66568,5,2022,54225.7,0.22761,1.55155
0.999171,2022-06-01,Montagnes,74538.9,6,2022,61216.7,0.217623,1.48911
0.955987,2022-08-01,Montagnes,53329.8,8,2022,57862.4,-0.0783352,-0.361323
0.99996,2022-10-01,Montagnes,85101.3,10,2022,71141.1,0.196232,1.35537
1,2022-11-01,Montagnes,61362.8,11,2022,68210.3,-0.100389,-0.499213
1,2022-12-01,Montagnes,59201.7,12,2022,61169.4,-0.0321686,-0.0726736
1,2023-01-01,Montagnes,45187.6,1,2023,46696.5,-0.0323126,-0.073574
1,2023-02-01,Montagnes,53404.8,2,2023,53383.3,0.000402482,0.130972
0.995236,2023-03-01,Montagnes,62073.8,3,2023,51364.6,0.208494,1.43203
0.819073,2023-04-01,Montagnes,68130.4,4,2023,62820,0.0845344,0.656994
0.913208,2023-05-01,Montagnes,59351.8,5,2023,56631.1,0.0480423,0.428833
0.99996,2023-06-01,Montagnes,54388,6,2023,67933.6,-0.199395,-1.11823
0.978651,2023-07-01,Montagnes,54297.1,7,2023,54785.9,-0.00892175,0.0726736
0.969093,2023-08-01,Montagnes,54817.3,8,2023,57366.6,-0.0444397,-0.149397
0.997508,2023-09-01,Montagnes,65955.6,9,2023,64865.1,0.0168125,0.233573
0.988216,2023-10-01,Montagnes,75831.9,10,2023,74230.9,0.0215683,0.263308
1,2023-11-01,Montagnes,64725.5,11,2023,67089.4,-0.0352346,-0.0918432
1,2023-12-01,Montagnes,55363.5,12,2023,62448.8,-0.113458,-0.58092
1,2024-01-01,Montagnes,52256,1,2024,44340.4,0.178519,1.24462
1,2024-02-01,Montagnes,65957,2,2024,49199.2,0.340612,2.25808
0.998541,2024-03-01,Montagnes,57515.8,3,2024,52883.9,0.0875859,0.676073
0.973052,2024-04-01,Montagnes,76235.8,4,2024,60118.2,0.268099,1.80471
0.991636,2024-05-01,Montagnes,49009.8,5,2024,60078.5,-0.184237,-1.02346
0.996591,2024-06-04,Montagnes,66857.6,6,2024,63777.1,0.0483021,0.430457
0.998359,2024-07-01,Montagnes,60467.2,7,2024,51700.9,0.169557,1.18859
0.998777,2024-08-01,Montagnes,67009.3,8,2024,53302.6,0.257149,1.73624
0.975514,2024-09-01,Montagnes,81159.6,9,2024,57263.1,0.41731,2.73762
1,2024-10-01,Montagnes,77672.6,10,2024,73617.3,0.0550853,0.472868
1,2024-11-01,Montagnes,77513.4,11,2024,62826.8,0.233763,1.59002
1,2024-12-01,Montagnes,80114.5,12,2024,54198.5,0.478169,3.11813
1,2021-01-01,Sassandra-Marahoue,33223.2,1,2021,40833.5,-0.186373,-1.38634
1,2021-02-01,Sassandra-Marahoue,36913.5,2,2021,52211.9,-0.293006,-2.23372
0.98791,2021-04-01,Sassandra-Marahoue,45654.3,4,2021,61674.8,-0.259758,-1.96951
0.999338,2021-05-01,Sassandra-Marahoue,51003,5,2021,54734.7,-0.0681781,-0.44708
0.998485,2021-06-01,Sassandra-Marahoue,52451.9,6,2021,57462.1,-0.0871927,-0.598183
0.999424,2021-07-01,Sassandra-Marahoue,45192.2,7,2021,48555.1,-0.06926,-0.455677
0.997561,2021-08-01,Sassandra-Marahoue,47187.4,8,2021,51912.9,-0.0910265,-0.628649
0.915419,2021-09-01,Sassandra-Marahoue,42285.2,9,2021,57888.7,-0.269543,-2.04727
0.999762,2021-10-01,Sassandra-Marahoue,52508.9,10,2021,64218.9,-0.182345,-1.35433
0.999968,2021-11-01,Sassandra-Marahoue,53712.9,11,2021,63340.1,-0.151993,-1.11313
1,2021-12-01,Sassandra-Marahoue,43129.3,12,2021,55431.9,-0.22194,-1.66898
1,2022-01-01,Sassandra-Marahoue,38863,1,2022,38953.5,-0.00232372,0.0762452
1,2022-02-01,Sassandra-Marahoue,49849.8,2,2022,47899.8,0.040711,0.418229
0.997739,2022-03-01,Sassandra-Marahoue,44253.8,3,2022,55288.9,-0.19959,-1.49137
0.990016,2022-04-01,Sassandra-Marahoue,55387.3,4,2022,56808.3,-0.025014,-0.104068
0.998896,2022-05-01,Sassandra-Marahoue,60291.1,5,2022,51638.6,0.167557,1.42624
0.996405,2022-06-01,Sassandra-Marahoue,61713.2,6,2022,54375,0.134955,1.16716
0.944339,2022-08-01,Sassandra-Marahoue,49102.9,8,2022,51274.4,-0.0423498,-0.24183
0.92465,2022-09-01,Sassandra-Marahoue,55433.4,9,2022,53505.9,0.0360246,0.380988
1,2022-10-01,Sassandra-Marahoue,67441,10,2022,59241.5,0.138406,1.19459
1,2022-11-01,Sassandra-Marahoue,56414.1,11,2022,62439.7,-0.0965019,-0.672161
1,2022-12-01,Sassandra-Marahoue,51826.3,12,2022,52532.8,-0.0134492,-0.0121655
1,2023-01-01,Sassandra-Marahoue,40739,1,2023,38328.2,0.0628999,0.594558
1,2023-02-01,Sassandra-Marahoue,50085.7,2,2023,47821.1,0.0473544,0.471022
0.995198,2023-03-01,Sassandra-Marahoue,58857,3,2023,47987.2,0.226513,1.89474
0.965049,2023-05-01,Sassandra-Marahoue,55173.4,5,2023,53344.5,0.0342847,0.367161
1,2023-06-01,Sassandra-Marahoue,52080.3,6,2023,57586,-0.095608,-0.665058
0.974407,2023-07-01,Sassandra-Marahoue,42656.4,7,2023,49823,-0.143841,-1.04835
0.994807,2023-08-01,Sassandra-Marahoue,48715,8,2023,51403.7,-0.0523062,-0.320951
0.997104,2023-09-01,Sassandra-Marahoue,53503.8,9,2023,54149.1,-0.0119183,0
0.999737,2023-10-01,Sassandra-Marahoue,60630.6,10,2023,61511.7,-0.0143228,-0.0191081
1,2023-11-01,Sassandra-Marahoue,61841.8,11,2023,60630.5,0.0199792,0.25348
1,2023-12-01,Sassandra-Marahoue,49476.4,12,2023,53316.1,-0.0720176,-0.477592
1,2024-01-01,Sassandra-Marahoue,42898.4,1,2024,37608.4,0.140658,1.21248
1,2024-02-01,Sassandra-Marahoue,56700.1,2,2024,45616.3,0.242979,2.02559
0.999997,2024-03-01,Sassandra-Marahoue,51720.7,3,2024,51555.4,0.00320764,0.120201
0.998774,2024-04-01,Sassandra-Marahoue,67962.3,4,2024,50520.8,0.345235,2.83819
1,2024-05-01,Sassandra-Marahoue,48739.5,5,2024,55489.1,-0.121639,-0.871915
0.999393,2024-06-04,Sassandra-Marahoue,58592.9,6,2024,55415.1,0.0573451,0.550416
0.995949,2024-07-01,Sassandra-Marahoue,54453.8,7,2024,43924.3,0.23972,1.9997
1,2024-08-01,Sassandra-Marahoue,57920.8,8,2024,48335.1,0.198316,1.67067
0.998838,2024-09-01,Sassandra-Marahoue,64728.8,9,2024,50407.4,0.284112,2.35246
1,2024-10-01,Sassandra-Marahoue,64585.1,10,2024,60193.5,0.0729585,0.674491
1,2024-11-01,Sassandra-Marahoue,71764.4,11,2024,57322.9,0.251932,2.09674
1,2024-12-01,Sassandra-Marahoue,64992.8,12,2024,48144,0.349966,2.87579
1,2021-01-01,Savanes,79556,1,2021,86257.3,-0.07769,-0.628285
1,2021-02-01,Savanes,80005,2,2021,100987,-0.207766,-1.50101
0.905841,2021-03-01,Savanes,87085.7,3,2021,89366.6,-0.0255229,-0.278278
0.999978,2021-04-01,Savanes,94353.5,4,2021,109330,-0.136988,-1.02613
1,2021-05-01,Savanes,98166.2,5,2021,96657.9,0.0156049,-0.00233713
0.99956,2021-06-01,Savanes,82818.2,6,2021,96577.5,-0.142468,-1.06291
0.995511,2021-07-01,Savanes,82245.6,7,2021,86850.5,-0.0530211,-0.462773
0.986902,2021-09-01,Savanes,86224.7,9,2021,97274,-0.113589,-0.869141
1,2021-10-01,Savanes,89403,10,2021,104340,-0.143155,-1.06751
1,2021-11-01,Savanes,94499.9,11,2021,106164,-0.109867,-0.844175
1,2021-12-01,Savanes,81162.3,12,2021,101532,-0.20062,-1.45307
1,2022-01-01,Savanes,88827.2,1,2022,83166.9,0.0680592,0.349597
1,2022-02-01,Savanes,98369.1,2,2022,94865.2,0.0369354,0.140776
1,2022-03-01,Savanes,82196.5,3,2022,90996.4,-0.096706,-0.75587
0.979376,2022-04-01,Savanes,90224.7,4,2022,110707,-0.185011,-1.34834
1,2022-05-01,Savanes,101217,5,2022,95641.1,0.0582967,0.284097
1,2022-06-01,Savanes,102583,6,2022,89989.2,0.139948,0.831927
1,2022-08-01,Savanes,80118.1,8,2022,95880.3,-0.164394,-1.21001
0.986864,2022-09-01,Savanes,95850.1,9,2022,94065.5,0.0189724,0.0202566
1,2022-10-01,Savanes,111207,10,2022,97071.6,0.145623,0.87
1,2022-11-01,Savanes,95777.6,11,2022,105738,-0.094198,-0.739043
1,2022-12-01,Savanes,99308.1,12,2022,95483.1,0.0400596,0.161738
1,2023-01-01,Savanes,79840.4,1,2023,86162.5,-0.0733733,-0.599323
1,2023-02-01,Savanes,94786.9,2,2023,96059.3,-0.0132464,-0.19591
1,2023-03-01,Savanes,93860.7,3,2023,87108.3,0.077518,0.413059
0.961385,2023-04-01,Savanes,120374,4,2023,100657,0.195885,1.20723
0.999033,2023-05-01,Savanes,104828,5,2023,94437.3,0.110025,0.631157
0.998356,2023-06-01,Savanes,94413.1,6,2023,92712.5,0.0183421,0.0160277
0.999951,2023-07-01,Savanes,79975.7,7,2023,87985.5,-0.0910354,-0.717824
1,2023-08-01,Savanes,90502.2,8,2023,90688.3,-0.00205148,-0.1208
0.999169,2023-09-01,Savanes,96422.4,9,2023,93874.7,0.0271394,0.0750515
0.997794,2023-10-01,Savanes,102313,10,2023,100036,0.0227643,0.0456977
1,2023-11-01,Savanes,104505,11,2023,102829,0.0163016,0.00233713
1,2023-12-01,Savanes,85157.6,12,2023,100200,-0.150123,-1.11426
1,2024-01-01,Savanes,90104.3,1,2024,82741.2,0.0889893,0.490024
1,2024-02-01,Savanes,109804,2,2024,91053.7,0.205924,1.27458
1,2024-03-01,Savanes,92042.6,3,2024,87714.3,0.0493457,0.224041
0.990771,2024-04-01,Savanes,117392,4,2024,101651,0.15486,0.931973
0.990893,2024-05-01,Savanes,83929.2,5,2024,101404,-0.172325,-1.26322
0.999878,2024-06-04,Savanes,92736.3,6,2024,93271.5,-0.00573768,-0.145532
0.934409,2024-07-01,Savanes,93725.3,7,2024,81110.6,0.155525,0.936433
0.999969,2024-08-01,Savanes,101258,8,2024,85310.2,0.186944,1.14724
0.998399,2024-09-01,Savanes,99549.3,9,2024,92832.4,0.0723546,0.378416
0.999976,2024-10-01,Savanes,99498.3,10,2024,100975,-0.0146213,-0.205135
1,2024-11-01,Savanes,118209,11,2024,98260.8,0.20301,1.25503
1,2024-12-01,Savanes,120129,12,2024,88542.7,0.356739,2.28645
1,2021-01-01,Valle Du Bandama,52422.2,1,2021,58964.9,-0.110959,-0.726104
1,2021-02-01,Valle Du Bandama,57052.3,2,2021,73669.8,-0.225567,-1.56457
0.923545,2021-04-01,Valle Du Bandama,68784.6,4,2021,82023.8,-0.161406,-1.09517
0.997938,2021-05-01,Valle Du Bandama,74743.7,5,2021,67051.1,0.114727,0.924995
0.999453,2021-06-01,Valle Du Bandama,65143.4,6,2021,69343.5,-0.0605696,-0.35746
0.996197,2021-07-01,Valle Du Bandama,59600.5,7,2021,63453.1,-0.0607156,-0.358528
0.964142,2021-08-01,Valle Du Bandama,65058.2,8,2021,65374.3,-0.00483507,0.0502896
0.892898,2021-09-01,Valle Du Bandama,62590.5,9,2021,69777.8,-0.103003,-0.6679
0.999977,2021-10-01,Valle Du Bandama,66843.2,10,2021,73709,-0.0931483,-0.595803
1,2021-11-01,Valle Du Bandama,70784.7,11,2021,76219.4,-0.0713036,-0.435989
1,2021-12-01,Valle Du Bandama,56303.2,12,2021,68658.4,-0.179951,-1.23084
1,2022-01-01,Valle Du Bandama,63120,1,2022,55399,0.13937,1.10529
1,2022-02-01,Valle Du Bandama,70300.3,2,2022,69253.8,0.0151112,0.196215
0.996225,2022-03-01,Valle Du Bandama,57639.4,3,2022,66906.6,-0.13851,-0.927665
0.999797,2022-04-01,Valle Du Bandama,69204.2,4,2022,81883.9,-0.15485,-1.04721
0.999947,2022-05-01,Valle Du Bandama,73238.6,5,2022,67552.8,0.0841689,0.701436
0.999039,2022-06-01,Valle Du Bandama,76759.3,6,2022,65471.6,0.172405,1.34697
0.999905,2022-08-01,Valle Du Bandama,61867.9,8,2022,66437.7,-0.0687835,-0.417552
0.964731,2022-09-01,Valle Du Bandama,67315.6,9,2022,68202.8,-0.0130086,-0.00950758
1,2022-10-01,Valle Du Bandama,77203.3,10,2022,70255.7,0.0988903,0.809137
1,2022-11-01,Valle Du Bandama,67438.3,11,2022,77334.8,-0.12797,-0.850558
1,2022-12-01,Valle Du Bandama,63831.6,12,2022,66148.9,-0.0350315,-0.170625
1,2023-01-01,Valle Du Bandama,56880.5,1,2023,57478.8,-0.0104095,0.00950758
1,2023-02-01,Valle Du Bandama,72923.1,2,2023,68379.5,0.0664458,0.571775
0.999548,2023-03-01,Valle Du Bandama,67665.9,3,2023,61893.3,0.093266,0.76799
0.967354,2023-04-01,Valle Du Bandama,86683.9,4,2023,76057.4,0.139717,1.10782
0.999365,2023-05-01,Valle Du Bandama,66795.5,5,2023,69700.5,-0.041678,-0.21925
0.999783,2023-06-01,Valle Du Bandama,66645.1,6,2023,68843,-0.031926,-0.147906
0.999756,2023-07-01,Valle Du Bandama,58637.8,7,2023,63934.4,-0.0828442,-0.520419
0.999322,2023-08-01,Valle Du Bandama,60024.7,8,2023,67052.1,-0.104805,-0.681082
0.999701,2023-09-01,Valle Du Bandama,70800.6,9,2023,67041.1,0.0560771,0.495918
1,2023-10-01,Valle Du Bandama,70203.5,10,2023,72588.9,-0.0328616,-0.154751
1,2023-11-01,Valle Du Bandama,74447.8,11,2023,74998.3,-0.00734099,0.0319564
1,2023-12-01,Valle Du Bandama,58226.3,12,2023,68017.3,-0.143949,-0.967457
1,2024-01-01,Valle Du Bandama,56894.3,1,2024,57474.2,-0.010091,0.0118373
1,2024-02-01,Valle Du Bandama,77786,2,2024,66758.6,0.165183,1.29413
1,2024-03-01,Valle Du Bandama,66147.3,3,2024,62652.6,0.0557787,0.493735
0.98788,2024-04-01,Valle Du Bandama,90183.2,4,2024,74890.9,0.204195,1.57953
0.993177,2024-05-01,Valle Du Bandama,61119.2,5,2024,71592.6,-0.146292,-0.984598
0.997809,2024-06-04,Valle Du Bandama,64626.3,6,2024,69515.9,-0.0703388,-0.428931
0.980495,2024-07-01,Valle Du Bandama,68268.4,7,2024,59119.2,0.154758,1.21786
1,2024-08-01,Valle Du Bandama,74230.2,8,2024,62316.9,0.191173,1.48427
1,2024-09-01,Valle Du Bandama,71217.3,9,2024,66902.2,0.0644983,0.557527
1,2024-10-01,Valle Du Bandama,73720.3,10,2024,71416.7,0.0322565,0.321649
1,2024-11-01,Valle Du Bandama,86772.1,11,2024,70890.2,0.224034,1.72468
1,2024-12-01,Valle Du Bandama,83917.2,12,2024,59453.7,0.41147,3.09595
1,2021-01-01,Woroba,46637.4,1,2021,48481.5,-0.0380367,-0.0877586
1,2021-02-01,Woroba,44295.9,2,2021,63000.2,-0.296892,-1.7909
0.824687,2021-03-01,Woroba,53042.8,3,2021,55145.4,-0.0381285,-0.0883622
0.999984,2021-04-01,Woroba,54277.1,4,2021,67709.6,-0.198383,-1.14276
0.992295,2021-05-01,Woroba,64594.8,5,2021,59423.9,0.0870157,0.735022
0.998263,2021-06-01,Woroba,61484.4,6,2021,65153.8,-0.0563188,-0.208045
1,2021-07-01,Woroba,48439.4,7,2021,55584.9,-0.12855,-0.683289
0.993597,2021-08-01,Woroba,52046.5,8,2021,57180.8,-0.0897893,-0.428264
0.991537,2021-09-01,Woroba,47412.8,9,2021,66751.4,-0.289711,-1.74365
1,2021-10-01,Woroba,54104.8,10,2021,68050.8,-0.204936,-1.18587
1,2021-11-01,Woroba,62028,11,2021,66803.3,-0.0714823,-0.307813
1,2021-12-01,Woroba,45251.1,12,2021,58765.8,-0.229976,-1.35062
1,2022-01-01,Woroba,49877.3,1,2022,47401.6,0.0522286,0.506141
1,2022-02-01,Woroba,61663.1,2,2022,57211.1,0.0778157,0.674491
1,2022-03-01,Woroba,49851.8,3,2022,56209.1,-0.113101,-0.581643
0.90239,2022-04-01,Woroba,56167.5,4,2022,67079.5,-0.162673,-0.907801
0.999889,2022-05-01,Woroba,67468.7,5,2022,58466,0.153982,1.17563
1,2022-06-01,Woroba,74333.3,6,2022,60870.8,0.221164,1.61765
0.996804,2022-08-01,Woroba,51758.1,8,2022,57276.9,-0.0963525,-0.471446
0.865507,2022-09-01,Woroba,62645.4,9,2022,61673.9,0.0157532,0.266151
0.999798,2022-10-01,Woroba,76646.7,10,2022,60536.8,0.266117,1.91342
1,2022-11-01,Woroba,60010.5,11,2022,67475.8,-0.110636,-0.565423
1,2022-12-01,Woroba,54508.5,12,2022,55680,-0.0210387,0.0240796
1,2023-01-01,Woroba,44374.8,1,2023,49235.7,-0.0987277,-0.487074
1,2023-02-01,Woroba,60615,2,2023,57560.5,0.053067,0.511657
0.999707,2023-03-01,Woroba,60198.8,3,2023,52760,0.140993,1.09017
0.800764,2023-04-01,Woroba,67316.9,4,2023,63363,0.0624006,0.573067
0.988317,2023-05-01,Woroba,60500.1,5,2023,60788.8,-0.0047493,0.131256
1,2023-06-01,Woroba,59112.1,6,2023,65944.5,-0.10361,-0.519195
0.964893,2023-07-01,Woroba,51607,7,2023,54001.1,-0.0443336,-0.129189
0.998759,2023-08-01,Woroba,53915.6,8,2023,56557.7,-0.0467157,-0.144862
0.999751,2023-09-01,Woroba,66938.2,9,2023,60243,0.111137,0.893728
0.999445,2023-10-01,Woroba,60375.5,10,2023,65960.6,-0.0846728,-0.3946
1,2023-11-01,Woroba,64386.6,11,2023,66017.1,-0.0246985,0
1,2023-12-01,Woroba,49595.1,12,2023,57317.8,-0.134735,-0.723985
1,2024-01-01,Woroba,51192.5,1,2024,46963.2,0.0900555,0.755022
1,2024-02-01,Woroba,66722.5,2,2024,55524.7,0.201672,1.4894
0.999976,2024-03-01,Woroba,55385.6,3,2024,54364.5,0.0187827,0.286084
0.971011,2024-04-01,Woroba,79644.4,4,2024,59253.8,0.344123,2.42665
0.983797,2024-05-01,Woroba,50303,5,2024,64187.8,-0.216315,-1.26074
0.997306,2024-06-04,Woroba,62016,6,2024,64976.6,-0.0455637,-0.137282
0.929223,2024-07-01,Woroba,59562.7,7,2024,50023.2,0.190701,1.41722
0.999133,2024-08-01,Woroba,65868.6,8,2024,52573.4,0.252887,1.82637
0.952959,2024-09-01,Woroba,70670.7,9,2024,58998.8,0.197832,1.46413
1,2024-10-01,Woroba,67130.2,10,2024,63709,0.0537007,0.515827
1,2024-11-01,Woroba,76012.7,11,2024,62141.7,0.223216,1.63115
1,2024-12-01,Woroba,72193.8,12,2024,49784.9,0.450114,3.12402
1,2021-01-01,Zanzan,49078.8,1,2021,59406.9,-0.173854,-0.956101
1,2021-02-01,Zanzan,45771.6,2,2021,66927,-0.316097,-1.73597
0.999961,2021-05-01,Zanzan,67321.9,5,2021,67286.2,0.000530957,0
1,2021-06-01,Zanzan,60443.1,6,2021,68449.9,-0.116973,-0.644241
0.988637,2021-07-01,Zanzan,57650.9,7,2021,58453.7,-0.0137345,-0.078213
0.995125,2021-08-01,Zanzan,61056.4,8,2021,65458.9,-0.0672566,-0.371658
0.847257,2021-09-01,Zanzan,62612.9,9,2021,71353,-0.122491,-0.674491
0.999627,2021-10-01,Zanzan,65765.1,10,2021,72915.5,-0.0980642,-0.540567
1,2021-11-01,Zanzan,64584.9,11,2021,75908.9,-0.149179,-0.820815
1,2021-12-01,Zanzan,50115.1,12,2021,79054.5,-0.36607,-2.00996
1,2022-01-01,Zanzan,58349.1,1,2022,56316.8,0.0360868,0.194942
1,2022-02-01,Zanzan,60579.8,2,2022,61990.9,-0.0227629,-0.127713
1,2022-03-01,Zanzan,49356.2,3,2022,65685.4,-0.248597,-1.36589
0.992483,2022-04-01,Zanzan,61131.6,4,2022,81742.1,-0.252141,-1.38532
1,2022-05-01,Zanzan,82428.2,5,2022,62250.8,0.324131,1.7742
0.998628,2022-06-01,Zanzan,66393.3,6,2022,66466.5,-0.00110076,-0.00894623
1,2022-08-01,Zanzan,55949.2,8,2022,67161.3,-0.166943,-0.918207
0.990326,2022-09-01,Zanzan,68974.3,9,2022,69232.5,-0.00373041,-0.0233638
1,2022-10-01,Zanzan,79510.7,10,2022,68333.6,0.163567,0.893879
1,2022-11-01,Zanzan,65434.6,11,2022,75625.7,-0.134758,-0.741747
1,2022-12-01,Zanzan,89742.8,12,2022,65845.3,0.362934,1.98694
1,2023-01-01,Zanzan,51384.4,1,2023,58638.4,-0.123706,-0.681153
1,2023-02-01,Zanzan,70590.4,2,2023,58654,0.203506,1.11285
0.999093,2023-03-01,Zanzan,67383.6,3,2023,56671.7,0.189017,1.03341
0.99336,2023-04-01,Zanzan,77921.1,4,2023,73347.4,0.0623566,0.338971
0.978545,2023-05-01,Zanzan,68403,5,2023,66925.8,0.0220708,0.118096
0.999987,2023-06-01,Zanzan,69519.3,6,2023,65424.5,0.0625889,0.340245
1,2023-07-01,Zanzan,54998.3,7,2023,59780,-0.0799884,-0.441463
1,2023-08-01,Zanzan,64267.5,8,2023,64388.6,-0.00188041,-0.0132208
0.999994,2023-09-01,Zanzan,73949.1,9,2023,67574.2,0.0943386,0.514319
0.960268,2023-10-01,Zanzan,67995.7,10,2023,72172,-0.0578659,-0.320172
1,2023-11-01,Zanzan,73726.3,11,2023,72861.8,0.0118647,0.0621393
1,2023-12-01,Zanzan,58295.3,12,2023,76327.8,-0.236251,-1.2982
1,2024-01-01,Zanzan,68487.2,1,2024,52937.4,0.293739,1.60757
1,2024-02-01,Zanzan,69610.7,2,2024,58980.6,0.18023,0.985236
1,2024-03-01,Zanzan,63987.2,3,2024,58369.9,0.0962361,0.524722
0.995917,2024-04-01,Zanzan,85563.1,4,2024,69526.3,0.230658,1.26172
0.997865,2024-05-01,Zanzan,51027.5,5,2024,72717.7,-0.29828,-1.63829
0.994889,2024-06-04,Zanzan,69437,6,2024,65451.9,0.0608865,0.330911
0.913988,2024-07-01,Zanzan,61909.1,7,2024,56324.6,0.0991492,0.540694
1,2024-08-01,Zanzan,76160.1,8,2024,60424.4,0.26042,1.42489
1,2024-09-01,Zanzan,71135.6,9,2024,68512.1,0.0382924,0.207034
0.987118,2024-10-01,Zanzan,71240,10,2024,71090.5,0.00210349,0.00862172
1,2024-11-01,Zanzan,88566,11,2024,67915.3,0.304066,1.66419
1,2024-12-01,Zanzan,89125.6,12,2024,66051,0.349344,1.91244
