shapeID,name,area_km2,n_pixels,sol,rad_km2,sol_per_km2,mean_rad,median_rad,p90_rad,max_rad,lit_area_km2,lit_share,core_area_km2,core_share,pop,pop_inhabited,pop_lit,pop_dark,pop_lit_share,pop_density,sol_per_capita,gini_pixels,gini_pop_light,cv_rad,sol_share_nat,pop_share_nat,light_pop_ratio,parent
98640826B52449815511854,Agneby-Tiassa,8108.32,32828,2305.58,569.475,0.284348,0.0702322,0,0,11.7255,565.374,0.0697276,1.729,0.000213237,615183,615179,230045,385134,0.373947,75.8706,0.0037478,0.955854,0.82132,5.64691,0.0202515,0.0264903,0.764487,Lagunes
98640826B37750272367318,Bafing,8655.34,35232,807.407,198.365,0.0932843,0.0229169,0,0,15.7347,134.393,0.0155271,2.45697,0.000283867,183095,183056,31783.5,151272,0.173627,21.154,0.00440978,0.991387,0.918477,14.016,0.00709201,0.00788422,0.899519,Woroba
98640826B26044148659027,Bagoue,10194.6,41670,1257.62,307.635,0.123361,0.0301804,0,0,13.9549,211.322,0.0207287,1.95926,0.000192185,385269,385244,76134.1,309109,0.197626,37.7914,0.00326425,0.9867,0.897238,10.5136,0.0110465,0.0165901,0.665851,Savanes
98640826B5123145245776,Belier,6802.8,27596,2838.63,699.752,0.417274,0.102864,0,0.269621,14.2635,737.307,0.108383,2.95919,0.000434995,356301,356261,142192,214069,0.399122,52.3757,0.00796695,0.923008,0.825365,4.55921,0.0249337,0.0153427,1.62512,Lacs
98640826B43857880322183,Bere,10896.6,44353,709.141,174.252,0.0650789,0.0159886,0,0,14.183,121.636,0.0111627,0.737387,6.76711e-05,406031,406030,52108.7,353921,0.128337,37.2621,0.00174652,0.993519,0.938291,15.0439,0.00622887,0.0174841,0.35626,Woroba
98640826B90856530326373,Bounkani,22073.6,90042,743.296,182.129,0.0336735,0.00825499,0,0,14.6907,117.155,0.00530747,1.9602,8.88027e-05,274523,274289,28655.7,245633,0.104473,12.4367,0.00270759,0.997147,0.94818,23.3874,0.00652888,0.0118212,0.552301,Zanzan
98640826B42717034718743,Cavally,11278.6,45698,572.227,141.19,0.0507355,0.0125219,0,0,8.38214,160.139,0.0141985,0,0,471561,471487,70873.9,400613,0.15032,41.8101,0.00121347,0.991516,0.932007,13.1587,0.00502626,0.0203058,0.247528,Montagnes
98640826B76853064397847,District Autonome D'Abidjan,2140.17,8657,33277.6,8227.77,15.549,3.84401,0.363633,15.609,45.4426,1116.26,0.521575,300.158,0.140249,4.82537e+06,4.82536e+06,4.7509e+06,74452.9,0.98457,2254.67,0.00689637,0.810572,0.294933,2.07432,0.2923,0.207785,1.40674,District Autonome D'Abidjan
98640826B30232425959699,District Autonome De Yamoussoukro,2069.05,8392,7649.5,1886.1,3.6971,0.911523,0,1.27155,45.4426,539.214,0.260609,52.7658,0.0255024,363758,363752,286226,77526.2,0.786871,175.809,0.0210291,0.925506,0.634922,4.4736,0.0671908,0.0156638,4.28957,District Autonome De Yamoussoukro
98640826B69523806833990,Folon,6598.94,26992,410.578,100.363,0.0622188,0.0152111,0,0,13.3666,80.4273,0.0121879,0.488731,7.40621e-05,94064.3,93891.2,7709.87,86181.3,0.082115,14.2545,0.00436487,0.990496,0.95789,13.2205,0.00360639,0.0040505,0.890357,Denguele
98640826B94469137469464,Gbeke,8988.49,36526,7468.08,1837.88,0.83085,0.204459,0,0.233936,45.4426,861.877,0.0958867,44.7887,0.0049829,1.02526e+06,1.02522e+06,664535,360690,0.648185,114.064,0.0072841,0.964415,0.665487,7.22615,0.0655973,0.0441486,1.48583,Valle Du Bandama
98640826B37905317988050,Gbokle,6206.17,25098,349.567,86.4642,0.0563258,0.0139281,0,0,6.52152,91.0197,0.014666,0,0,414665,414662,33411,381250,0.0805743,66.815,0.000843012,0.989526,0.956639,11.1242,0.00307049,0.0178558,0.17196,Bas-Sassandra
98640826B83650084589555,Goh,6886.31,27895,4141.02,1022.3,0.601341,0.14845,0,0.373109,21.591,1012.9,0.147089,6.41947,0.000932207,903954,903954,459975,443979,0.508848,131.268,0.00458101,0.919317,0.793334,4.56578,0.0363734,0.0389251,0.934447,Goh-Djiboua
98640826B5040161076408,Gontougo,16084.7,65409,1969.61,484.502,0.122452,0.0301122,0,0,23.3673,427.365,0.0265696,4.6718,0.00029045,673836,673822,165355,508467,0.245398,41.8929,0.00292298,0.981274,0.900427,11.2386,0.0173004,0.029016,0.596238,Zanzan
98640826B83353125268201,Grands Ponts,4434.75,17937,1385.51,342.583,0.312422,0.0772433,0,0.200381,8.76199,383.252,0.0864202,0,0,361898,361830,131546,230284,0.363557,81.605,0.00382847,0.942444,0.824881,4.7355,0.0121699,0.0155836,0.780942,Lagunes
98640826B22329502030217,Guemon,7181.93,29140,787.58,194.144,0.109661,0.0270275,0,0,14.9975,186.315,0.0259421,0.986439,0.00013735,957564,957546,135740,821806,0.141758,133.33,0.000822483,0.984572,0.940267,10.8405,0.00691786,0.0412336,0.167772,Montagnes
98640826B80955316471767,Hambol,19276.2,78492,2231.04,548.017,0.115741,0.0284237,0,0,26.2016,309.446,0.0160533,6.63657,0.000344288,443166,442757,95830.1,346927,0.216439,22.9903,0.00503431,0.991953,0.901502,14.1717,0.0195967,0.0190832,1.02691,Valle Du Bandama
98640826B13622385448205,Haut-Sassandra,15196.6,61662,3755.64,925.946,0.247137,0.0609069,0,0,25.9982,790.252,0.0520019,11.3406,0.000746261,1.45741e+06,1.45739e+06,491827,965563,0.337471,95.9037,0.00257693,0.972713,0.857855,8.56246,0.0329884,0.0627574,0.525649,Sassandra-Marahoue
98640826B12556457947993,Iffou,8871.08,36029,2468.6,607.954,0.278275,0.0685171,0,0,20.417,523.54,0.0590164,4.92761,0.000555469,319158,319158,97719,221439,0.306177,35.9774,0.00773472,0.963837,0.877208,7.03819,0.0216834,0.0137433,1.57775,Lacs
98640826B87987908031267,Indenie-Djuablin,6904.58,27997,1958.95,483.035,0.283718,0.0699702,0,0,16.6614,365.933,0.0529986,5.6721,0.000821498,568578,568578,207460,361118,0.364876,82.348,0.00344536,0.971568,0.834739,7.57629,0.0172068,0.0244835,0.702793,Comoe
98640826B2974603948771,Kabadougou,14177.5,57874,2020.11,494.843,0.142487,0.0349053,0,0,26.4434,227.816,0.0160688,12.2468,0.000863821,197370,192907,50081.8,142826,0.259616,13.9213,0.0102352,0.992546,0.863712,15.1674,0.017744,0.00849892,2.0878,Denguele
98640826B50838995581112,Loh-Djiboua,8783.65,35551,2686.47,663.594,0.305849,0.0755667,0,0,17.0592,632.619,0.0720224,4.19891,0.000478037,746846,746837,251167,495670,0.336308,85.0269,0.00359709,0.956916,0.851565,6.31344,0.0235971,0.0321599,0.733744,Goh-Djiboua
98640826B99867209198649,Marahoue,8678.65,35218,2073.01,510.904,0.238863,0.0588622,0,0,10.9858,499.315,0.0575337,0.246241,2.83732e-05,900863,900814,306154,594661,0.339863,103.802,0.00230114,0.963655,0.83236,6.34775,0.0182087,0.038792,0.469393,Sassandra-Marahoue
98640826B88194950838049,Me,8047.19,32584,1750.07,432.171,0.217477,0.0537096,0,0,8.96825,456.391,0.0567143,0,0,535375,535374,187065,348308,0.349411,66.5295,0.00326887,0.963854,0.826894,6.01973,0.0153721,0.0230538,0.666794,Lagunes
98640826B56207519899242,Nawa,9744.56,39447,2341.01,578.328,0.240238,0.0593457,0,0,19.1231,529.382,0.0543258,4.44705,0.000456363,1.082e+06,1.08194e+06,353209,728731,0.326459,111.036,0.00216359,0.969742,0.869362,7.75327,0.0205627,0.0465919,0.441336,Bas-Sassandra
98640826B2900878653745,Poro,12541.7,51196,11073.4,2712.26,0.882921,0.216294,0,0,44.6556,927.518,0.0739545,60.0116,0.00478495,787995,787992,395592,392399,0.502026,62.8298,0.0140526,0.976677,0.741925,8.77502,0.097265,0.0339318,2.86648,Savanes
98640826B43081365176028,San Pedro,12285.1,49662,2137.83,529.033,0.174018,0.0430476,0,0,19.7702,377.363,0.0307172,7.91913,0.000644613,839042,838912,258043,580869,0.307592,68.2975,0.00254794,0.984956,0.8451,10.6808,0.018778,0.0361299,0.519736,Bas-Sassandra
98640826B87421109468433,Sud-Comoe,7072.58,28612,3981.41,984.444,0.562936,0.139152,0,0.284351,21.774,773.894,0.109422,7.6662,0.00108393,638706,638649,289324,349325,0.453025,90.3073,0.00623356,0.943641,0.815776,5.44212,0.0349714,0.0275033,1.27154,Comoe
98640826B18937667882346,Tchologo,17344,70818,2286.96,559.765,0.131858,0.0322934,0,0,24.0933,304.705,0.0175683,9.5485,0.000550535,484170,483519,113698,369821,0.235148,27.9156,0.00472346,0.991893,0.881479,13.4463,0.0200879,0.0208488,0.963505,Savanes
98640826B98350089255378,Tonkpi,12182.1,49478,1889.16,465.323,0.155076,0.0381818,0,0,19.4039,363.341,0.0298257,3.20159,0.00026281,1.01539e+06,1.01537e+06,301937,713436,0.297365,83.3511,0.00186052,0.984218,0.870647,10.1183,0.0165938,0.0437238,0.379513,Montagnes
98640826B81277132888560,Worodougou,11426.9,46513,1500.79,368.974,0.131339,0.0322661,0,0,40.6247,190.998,0.0167148,7.13141,0.000624092,279663,277520,64033.7,213486,0.230736,24.4742,0.00536644,0.991893,0.906125,17.4486,0.0131825,0.0120425,1.09466,Woroba
98640826B73875625736421,N'Zi,4805.53,19496,1588.69,391.705,0.330597,0.0814882,0,0,18.4672,320.722,0.0667401,4.93311,0.00102655,254657,254656,92521,162135,0.363318,52.9925,0.00623856,0.960356,0.85394,7.10977,0.0139546,0.0109658,1.27256,Lacs
98640826B53162767921513,Moronou,5581.1,22625,1431.37,353.077,0.256468,0.0632651,0,0,8.7745,367.284,0.0658087,0,0,360185,360185,142028,218157,0.394319,64.5366,0.003974,0.956631,0.797125,5.42291,0.0125727,0.0155099,0.810627,Lacs
